{
  "properties": {
    "connectionReferences": {
      "shared_commondataserviceforapps": {
        "runtimeSource": "embedded",
        "connection": {
          "connectionReferenceLogicalName": "contoso_sharedcommondataserviceforapps_e3502"
        },
        "api": {
          "name": "shared_commondataserviceforapps"
        }
      }
    },
    "definition": {
      "$schema": "https://schema.management.azure.com/providers/Microsoft.Logic/schemas/2016-06-01/workflowdefinition.json#",
      "contentVersion": "1.0.0.0",
      "parameters": {
        "$connections": {
          "defaultValue": {},
          "type": "Object"
        },
        "$authentication": {
          "defaultValue": {},
          "type": "SecureObject"
        }
      },
      "triggers": {
        "Recurrence": {
          "recurrence": {
            "frequency": "Month",
            "interval": 1,
            "startTime": "2024-07-04T17:00:00Z"
          },
          "metadata": {
            "operationMetadataId": "3bdc9ad0-24f5-4609-b1e0-eb94bd4e8c0c"
          },
          "type": "Recurrence"
        }
      },
      "actions": {
        "Inspections": {
          "runAfter": {},
          "metadata": {
            "operationMetadataId": "f0f8039d-aacd-4b87-bfd1-e89acc674899"
          },
          "type": "OpenApiConnection",
          "inputs": {
            "host": {
              "connectionName": "shared_commondataserviceforapps",
              "operationId": "ListRecords",
              "apiId": "/providers/Microsoft.PowerApps/apis/shared_commondataserviceforapps"
            },
            "parameters": {
              "entityName": "contoso_inspections",
              "$filter": " statuscode ne 330650001"
            },
            "authentication": "@parameters('$authentication')"
          }
        },
        "Loop": {
          "foreach": "@outputs('Inspections')?['body/value']",
          "actions": {
            "Update_Inspection": {
              "runAfter": {},
              "metadata": {
                "operationMetadataId": "5bf48518-6c43-4a22-a719-286b31fcd54f"
              },
              "type": "OpenApiConnection",
              "inputs": {
                "host": {
                  "connectionName": "shared_commondataserviceforapps",
                  "operationId": "UpdateRecord",
                  "apiId": "/providers/Microsoft.PowerApps/apis/shared_commondataserviceforapps"
                },
                "parameters": {
                  "entityName": "contoso_inspections",
                  "recordId": "@items('Loop')?['contoso_inspectionid']",
                  "item/statuscode": 330650001
                },
                "authentication": "@parameters('$authentication')"
              }
            }
          },
          "runAfter": {
            "Inspections": [
              "Succeeded"
            ]
          },
          "metadata": {
            "operationMetadataId": "caac8c43-5adb-48e6-bfcd-943793b59169"
          },
          "type": "Foreach"
        }
      }
    },
    "templateName": null
  },
  "schemaVersion": "1.0.0.0"
}